﻿<?xml version="1.0" encoding="UTF-8" standalone="yes"?>
<addon id="plugin.video.115"
  name="115网盘"
  version="0.2.1.5"
  provider-name="yxblog, 2016-04 modify by feelfar">
  <requires>
      <import addon="script.module.xbmcswift2" version="2.4.0" optional="false"/>
  </requires>
  <extension point="xbmc.python.pluginsource" library="default.py">
  <provides>morefuntv_video video</provides>
  </extension>
  <extension point="xbmc.addon.metadata">
    <platform>all</platform>
    <description>115网盘</description>
    <description lang="zh">115网盘</description>
    <disclaimer>本插件中提供的内容均来自互联网，仅供学习演示使用。</disclaimer>
  </extension>
</addon>
